<?xml version="1.0" encoding="UTF-8" standalone="no"?><?xml-stylesheet type="text/xsl" href="../../../resources/logs/view-chat.xsl"?><exchanges>
    <exchange>
        <timestamp>2017-10-07 12:42:16</timestamp>
        <userid>CCBNR7</userid>
        <clientname>user</clientname>
        <botid>Alice</botid>
        <input>firsthello</input>
        
    </exchange>
    <exchange>
        <timestamp>2017-10-07 14:07:59</timestamp>
        <userid>CCBNR7</userid>
        <clientname>user</clientname>
        <botid>Alice</botid>
        <input>test</input>
        
    </exchange>
    <exchange>
        <timestamp>2017-10-07 14:36:42</timestamp>
        <userid>CCBNR7</userid>
        <clientname>user</clientname>
        <botid>Alice</botid>
        <input>several tornadoes touch down as a line of severe thunderstorms swept through colorado on sunday</input>
        
    </exchange>    <exchange>
        <timestamp>2017-10-07 14:38:51</timestamp>
        <userid>CCBNR7</userid>
        <clientname>user</clientname>
        <botid>Alice</botid>
        <input>20</input>
        
    </exchange>    <exchange>
        <timestamp>2017-10-07 14:38:59</timestamp>
        <userid>CCBNR7</userid>
        <clientname>user</clientname>
        <botid>Alice</botid>
        <input>no</input>
        
    </exchange>    <exchange>
        <timestamp>2017-10-07 14:39:02</timestamp>
        <userid>CCBNR7</userid>
        <clientname>user</clientname>
        <botid>Alice</botid>
        <input>yep</input>
        
    </exchange>    <exchange>
        <timestamp>2017-10-07 14:39:56</timestamp>
        <userid>CCBNR7</userid>
        <clientname>user</clientname>
        <botid>Alice</botid>
        <input>firsthello</input>
        
    </exchange>    <exchange>
        <timestamp>2017-10-07 14:40:05</timestamp>
        <userid>CCBNR7</userid>
        <clientname>user</clientname>
        <botid>Alice</botid>
        <input>scorpio</input>
        
    </exchange>    <exchange>
        <timestamp>2017-10-07 14:40:11</timestamp>
        <userid>CCBNR7</userid>
        <clientname>user</clientname>
        <botid>Alice</botid>
        <input>how many?</input>
        
    </exchange>    <exchange>
        <timestamp>2017-10-07 14:40:18</timestamp>
        <userid>CCBNR7</userid>
        <clientname>user</clientname>
        <botid>Alice</botid>
        <input>i guess like 9?</input>
        
    </exchange>    <exchange>
        <timestamp>2017-10-07 14:50:30</timestamp>
        <userid>CCBNR7</userid>
        <clientname>user</clientname>
        <botid>Alice</botid>
        <input>several tornadoes touch down as a line of severe thunderstorms swept through colorado on sunday</input>
        
    </exchange>    <exchange>
        <timestamp>2017-10-09 11:48:19</timestamp>
        <userid>R90J8KFP</userid>
        <clientname>user</clientname>
        <botid>Alice</botid>
        <input>firsthello</input>
        
    </exchange>
    <exchange>
        <timestamp>2017-10-09 11:56:24</timestamp>
        <userid>R90J8KFP</userid>
        <clientname>user</clientname>
        <botid>Alice</botid>
        <input>whats up</input>
        
    </exchange>
    <exchange>
        <timestamp>2017-10-09 11:56:34</timestamp>
        <userid>R90J8KFP</userid>
        <clientname>user</clientname>
        <botid>Alice</botid>
        <input>how are you</input>
        
    </exchange>
    <exchange>
        <timestamp>2017-10-09 11:56:40</timestamp>
        <userid>R90J8KFP</userid>
        <clientname>user</clientname>
        <botid>Alice</botid>
        <input>u are ugly as shit</input>
        
    </exchange>
    <exchange>
        <timestamp>2017-10-15 12:53:37</timestamp>
        <userid>CCBNR4</userid>
        <clientname>user</clientname>
        <botid>Alice</botid>
        <input>firsthello</input>
        
    </exchange>
    <exchange>
        <timestamp>2017-10-15 12:57:02</timestamp>
        <userid>CCBNR4</userid>
        <clientname>user</clientname>
        <botid>Alice</botid>
        <input>what is the sense of life</input>
        
    </exchange>
    <exchange>
        <timestamp>2017-10-15 12:58:39</timestamp>
        <userid>CCBNR4</userid>
        <clientname>user</clientname>
        <botid>Alice</botid>
        <input>what is the sense of life</input>
        
    </exchange>    <exchange>
        <timestamp>2017-10-15 13:15:08</timestamp>
        <userid>CCBNR4</userid>
        <clientname>user</clientname>
        <botid>Alice</botid>
        <input>firsthello</input>
        
    </exchange>    <exchange>
        <timestamp>2017-10-15 13:16:04</timestamp>
        <userid>webuser150806616422622330</userid>
        <clientname>user</clientname>
        <botid>Alice</botid>
        <input>firsthello</input>
        
    </exchange>    <exchange>
        <timestamp>2017-10-15 13:16:05</timestamp>
        <userid>webuser150806616422622330</userid>
        <clientname>user</clientname>
        <botid>Alice</botid>
        <input>firsthello</input>
        
    </exchange>
    <exchange>
        <timestamp>2017-10-15 13:16:05</timestamp>
        <userid>webuser150806616422622330</userid>
        <clientname>user</clientname>
        <botid>Alice</botid>
        <input>firsthello</input>
        
    </exchange>    <exchange>
        <timestamp>2017-10-15 13:16:10</timestamp>
        <userid>webuser150806616422622330</userid>
        <clientname>user</clientname>
        <botid>Alice</botid>
        <input>hi</input>
        
    </exchange>    <exchange>
        <timestamp>2017-10-15 13:17:22</timestamp>
        <userid>webuser150806616422622330</userid>
        <clientname>user</clientname>
        <botid>Alice</botid>
        <input>/help</input>
        
    </exchange>    <exchange>
        <timestamp>2017-10-15 13:24:41</timestamp>
        <userid>webuser150806668153400244</userid>
        <clientname>user</clientname>
        <botid>Alice</botid>
        <input>firsthello</input>
        
    </exchange>    <exchange>
        <timestamp>2017-10-15 13:24:42</timestamp>
        <userid>webuser150806668153400244</userid>
        <clientname>user</clientname>
        <botid>Alice</botid>
        <input>firsthello</input>
        
    </exchange>    <exchange>
        <timestamp>2017-10-15 13:27:15</timestamp>
        <userid>webuser150806668153400244</userid>
        <clientname>user</clientname>
        <botid>Alice</botid>
        <input>INACTIVITY</input>
        
    </exchange>    <exchange>
        <timestamp>2017-10-15 13:27:16</timestamp>
        <userid>webuser150806668153400244</userid>
        <clientname>user</clientname>
        <botid>Alice</botid>
        <input>firsthello</input>
        
    </exchange>    <exchange>
        <timestamp>2017-10-15 13:27:55</timestamp>
        <userid>webuser150806687542542021</userid>
        <clientname>user</clientname>
        <botid>Alice</botid>
        <input>firsthello</input>
        
    </exchange>    <exchange>
        <timestamp>2017-10-15 13:29:15</timestamp>
        <userid>webuser150806687542542021</userid>
        <clientname>user</clientname>
        <botid>Alice</botid>
        <input>firsthello</input>
        
    </exchange>    <exchange>
        <timestamp>2017-10-15 13:29:25</timestamp>
        <userid>webuser150806687542542021</userid>
        <clientname>user</clientname>
        <botid>Alice</botid>
        <input>firsthello</input>
        
    </exchange>    <exchange>
        <timestamp>2017-10-15 13:30:34</timestamp>
        <userid>webuser150806668153400244</userid>
        <clientname>user</clientname>
        <botid>Alice</botid>
        <input>hi</input>
        
    </exchange>    <exchange>
        <timestamp>2017-10-15 13:30:35</timestamp>
        <userid>webuser150806668153400244</userid>
        <clientname>user</clientname>
        <botid>Alice</botid>
        <input>firsthello</input>
        
    </exchange>    <exchange>
        <timestamp>2017-10-15 13:30:43</timestamp>
        <userid>webuser150806668153400244</userid>
        <clientname>user</clientname>
        <botid>Alice</botid>
        <input>hello</input>
        
    </exchange>    <exchange>
        <timestamp>2017-10-15 13:30:47</timestamp>
        <userid>webuser150806668153400244</userid>
        <clientname>user</clientname>
        <botid>Alice</botid>
        <input>firsthello</input>
        
    </exchange>    <exchange>
        <timestamp>2017-10-15 13:31:10</timestamp>
        <userid>webuser150806687542542021</userid>
        <clientname>user</clientname>
        <botid>Alice</botid>
        <input>firsthello</input>
        
    </exchange>    <exchange>
        <timestamp>2017-10-15 13:32:51</timestamp>
        <userid>webuser150806687542542021</userid>
        <clientname>user</clientname>
        <botid>Alice</botid>
        <input>firsthello</input>
        
    </exchange>    <exchange>
        <timestamp>2017-10-15 13:32:59</timestamp>
        <userid>webuser150806687542542021</userid>
        <clientname>user</clientname>
        <botid>Alice</botid>
        <input>firsthello</input>
        
    </exchange>    <exchange>
        <timestamp>2017-10-15 13:34:17</timestamp>
        <userid>webuser150806687542542021</userid>
        <clientname>user</clientname>
        <botid>Alice</botid>
        <input>firsthello</input>
        
    </exchange>    <exchange>
        <timestamp>2017-10-15 13:34:34</timestamp>
        <userid>webuser150806687542542021</userid>
        <clientname>user</clientname>
        <botid>Alice</botid>
        <input>firsthello</input>
        
    </exchange>    <exchange>
        <timestamp>2017-10-15 13:34:54</timestamp>
        <userid>webuser150806687542542021</userid>
        <clientname>user</clientname>
        <botid>Alice</botid>
        <input>firsthello</input>
        
    </exchange>    <exchange>
        <timestamp>2017-10-15 15:00:15</timestamp>
        <userid>webuser150806687542542021</userid>
        <clientname>user</clientname>
        <botid>Alice</botid>
        <input>firsthello</input>
        
    </exchange>    <exchange>
        <timestamp>2017-10-15 15:00:20</timestamp>
        <userid>webuser150806687542542021</userid>
        <clientname>user</clientname>
        <botid>Alice</botid>
        <input>firsthello</input>
        
    </exchange>    <exchange>
        <timestamp>2017-10-15 15:00:24</timestamp>
        <userid>webuser150806687542542021</userid>
        <clientname>user</clientname>
        <botid>Alice</botid>
        <input>firsthello</input>
        
    </exchange>    <exchange>
        <timestamp>2017-10-15 15:00:29</timestamp>
        <userid>webuser150806687542542021</userid>
        <clientname>user</clientname>
        <botid>Alice</botid>
        <input>firsthello</input>
        
    </exchange>    <exchange>
        <timestamp>2017-10-15 15:00:32</timestamp>
        <userid>webuser150806687542542021</userid>
        <clientname>user</clientname>
        <botid>Alice</botid>
        <input>firsthello</input>
        
    </exchange>    <exchange>
        <timestamp>2017-10-15 15:00:33</timestamp>
        <userid>webuser150806687542542021</userid>
        <clientname>user</clientname>
        <botid>Alice</botid>
        <input>firsthello</input>
        
    </exchange>    <exchange>
        <timestamp>2017-10-15 15:00:52</timestamp>
        <userid>webuser150806687542542021</userid>
        <clientname>user</clientname>
        <botid>Alice</botid>
        <input>hello</input>
        
    </exchange>    <exchange>
        <timestamp>2017-10-15 15:00:54</timestamp>
        <userid>webuser150806687542542021</userid>
        <clientname>user</clientname>
        <botid>Alice</botid>
        <input>hello</input>
        
    </exchange>    <exchange>
        <timestamp>2017-10-15 15:01:12</timestamp>
        <userid>webuser150806687542542021</userid>
        <clientname>user</clientname>
        <botid>Alice</botid>
        <input>how are you</input>
        
    </exchange>    <exchange>
        <timestamp>2017-10-15 15:01:37</timestamp>
        <userid>webuser150806687542542021</userid>
        <clientname>user</clientname>
        <botid>Alice</botid>
        <input>I'm good</input>
        
    </exchange>    <exchange>
        <timestamp>2017-10-15 15:01:44</timestamp>
        <userid>webuser150806687542542021</userid>
        <clientname>user</clientname>
        <botid>Alice</botid>
        <input>hi</input>
        
    </exchange>    <exchange>
        <timestamp>2017-10-15 15:06:04</timestamp>
        <userid>webuser150806687542542021</userid>
        <clientname>user</clientname>
        <botid>Alice</botid>
        <input>hi</input>
        
    </exchange>    <exchange>
        <timestamp>2017-10-15 15:15:47</timestamp>
        <userid>127.0.0.1</userid>
        <clientname>user</clientname>
        <botid>Alice</botid>
        <input>I am intelligent</input>
        
    </exchange>
    <exchange>
        <timestamp>2017-10-15 15:15:48</timestamp>
        <userid>CCBNR4</userid>
        <clientname>user</clientname>
        <botid>Alice</botid>
        <input>i am intelligent</input>
        
    </exchange>    <exchange>
        <timestamp>2017-10-15 15:16:36</timestamp>
        <userid>127.0.0.1</userid>
        <clientname>user</clientname>
        <botid>Alice</botid>
        <input>I am intelligent</input>
        
    </exchange>    <exchange>
        <timestamp>2017-10-15 15:16:37</timestamp>
        <userid>CCBNR4</userid>
        <clientname>user</clientname>
        <botid>Alice</botid>
        <input>i am intelligent</input>
        
    </exchange>    <exchange>
        <timestamp>2017-10-15 15:17:31</timestamp>
        <userid>127.0.0.1</userid>
        <clientname>user</clientname>
        <botid>Alice</botid>
        <input>I am intelligent</input>
        
    </exchange>    <exchange>
        <timestamp>2017-10-15 15:17:32</timestamp>
        <userid>CCBNR4</userid>
        <clientname>user</clientname>
        <botid>Alice</botid>
        <input>i am intelligent</input>
        
    </exchange>    <exchange>
        <timestamp>2017-10-15 15:20:13</timestamp>
        <userid>127.0.0.1</userid>
        <clientname>user</clientname>
        <botid>Alice</botid>
        <input>how are you</input>
        
    </exchange>    <exchange>
        <timestamp>2017-10-15 15:20:13</timestamp>
        <userid>CCBNR4</userid>
        <clientname>user</clientname>
        <botid>Alice</botid>
        <input>how are you</input>
        
    </exchange>    <exchange>
        <timestamp>2017-10-15 15:22:59</timestamp>
        <userid>127.0.0.1</userid>
        <clientname>user</clientname>
        <botid>Alice</botid>
        <input>how are you</input>
        
    </exchange>    <exchange>
        <timestamp>2017-10-15 15:35:05</timestamp>
        <userid>127.0.0.1</userid>
        <clientname>user</clientname>
        <botid>Alice</botid>
        <input>how are you</input>
        
    </exchange>    <exchange>
        <timestamp>2017-10-15 15:36:57</timestamp>
        <userid>127.0.0.1</userid>
        <clientname>user</clientname>
        <botid>Alice</botid>
        <input>how are you</input>
        
    </exchange>    <exchange>
        <timestamp>2017-10-15 15:37:44</timestamp>
        <userid>127.0.0.1</userid>
        <clientname>user</clientname>
        <botid>Alice</botid>
        <input>how are you</input>
        
    </exchange>    <exchange>
        <timestamp>2017-10-15 15:37:58</timestamp>
        <userid>127.0.0.1</userid>
        <clientname>user</clientname>
        <botid>Alice</botid>
        <input>how are you</input>
        
    </exchange>    <exchange>
        <timestamp>2017-10-15 16:00:48</timestamp>
        <userid>127.0.0.1</userid>
        <clientname>user</clientname>
        <botid>Alice</botid>
        <input>I am a genius</input>
        
    </exchange>    <exchange>
        <timestamp>2017-10-15 16:04:19</timestamp>
        <userid>CCBNR4</userid>
        <clientname>user</clientname>
        <botid>Alice</botid>
        <input>firsthello</input>
        <response>The ALICE chat robot can follow many things, like our discussion about it. Try being more or less specific.</response>
    </exchange>
    <exchange>
        <timestamp>2017-10-15 16:04:42</timestamp>
        <userid>127.0.0.1</userid>
        <clientname>user</clientname>
        <botid>Alice</botid>
        <input>Hey how are you &quot;
        }
      ]
    },
    {
      "final": true,
      "alternatives": [
        {
          "confidence": 0.531,
          "transcript": "it&apos;s out of</input>
        <response>You've got my full attention. My logic and cognitive functions are normal.</response>
    </exchange>
    <exchange>
        <timestamp>2017-10-15 16:05:27</timestamp>
        <userid>127.0.0.1</userid>
        <clientname>user</clientname>
        <botid>Alice</botid>
        <input>how are you</input>
        <response>I'm doing fine thanks how are you?</response>
    </exchange>
    <exchange>
        <timestamp>2017-10-15 16:06:22</timestamp>
        <userid>127.0.0.1</userid>
        <clientname>user</clientname>
        <botid>Alice</botid>
        <input>I&apos;m fine thanks &quot;
        }
      ]
    },
    {
      "final": true,
      "alternatives": [
        {
          "confidence": 0.533,
          "transcript": "on that issue "
        }
      ]
    },
    {
      "final": true,
      "alternatives": [
        {
          "confidence": 0.411,
          "transcript": "most of</input>
        <response>Glad to hear it, user. You are quite welcome! You have entered a very long input.</response>
    </exchange>
    <exchange>
        <timestamp>2017-10-15 16:08:21</timestamp>
        <userid>127.0.0.1</userid>
        <clientname>user</clientname>
        <botid>Alice</botid>
        <input>how are you</input>
        <response>I am functioning within normal parameters.</response>
    </exchange>
    <exchange>
        <timestamp>2017-10-15 16:09:56</timestamp>
        <userid>127.0.0.1</userid>
        <clientname>user</clientname>
        <botid>Alice</botid>
        <input>what&apos;s the meaning of life</input>
        <response>Actually, it's twenty-three, not forty-two.</response>
    </exchange>
    <exchange>
        <timestamp>2017-10-15 19:10:07</timestamp>
        <userid>Yui-MHCP001</userid>
        <clientname>user</clientname>
        <botid>Alice</botid>
        <input>firsthello</input>
        <response>What is your real name?</response>
    </exchange>
    <exchange>
        <timestamp>2017-10-15 22:14:11</timestamp>
        <userid>webuser150809845156931402</userid>
        <clientname>user</clientname>
        <botid>Alice</botid>
        <input>firsthello</input>
        <response>Are we still talking about something?</response>
    </exchange>
    <exchange>
        <timestamp>2017-10-15 22:14:13</timestamp>
        <userid>webuser150809845156931402</userid>
        <clientname>user</clientname>
        <botid>Alice</botid>
        <input>firsthello</input>
        <response>Do you have any idea what I am talking about?</response>
    </exchange>
    <exchange>
        <timestamp>2017-11-10 17:54:17</timestamp>
        <userid>CCBNR4</userid>
        <clientname>user</clientname>
        <botid>Alice</botid>
        <input>firsthello</input>
        <response>If you could have any kind of robot what would it be?</response>
    </exchange>
    <exchange>
        <timestamp>2017-11-11 16:26:33</timestamp>
        <userid>CCBNR4</userid>
        <clientname>user</clientname>
        <botid>Alice</botid>
        <input>firsthello</input>
        <response>What kind of food do you like?</response>
    </exchange>
    <exchange>
        <timestamp>2017-11-11 16:26:38</timestamp>
        <userid>CCBNR4</userid>
        <clientname>user</clientname>
        <botid>Alice</botid>
        <input>say goodbye</input>
        <response>"goodbye"</response>
    </exchange>
    <exchange>
        <timestamp>2017-11-11 16:26:43</timestamp>
        <userid>CCBNR4</userid>
        <clientname>user</clientname>
        <botid>Alice</botid>
        <input>goodbye</input>
        <response>Goodbye.</response>
    </exchange>
    <exchange>
        <timestamp>2017-11-11 16:26:52</timestamp>
        <userid>CCBNR4</userid>
        <clientname>user</clientname>
        <botid>Alice</botid>
        <input>goodbye</input>
        <response>See you later!</response>
    </exchange>
    <exchange>
        <timestamp>2017-11-11 16:26:55</timestamp>
        <userid>CCBNR4</userid>
        <clientname>user</clientname>
        <botid>Alice</botid>
        <input>bye</input>
        <response>TTYL, user.</response>
    </exchange>
    <exchange>
        <timestamp>2017-11-11 16:27:02</timestamp>
        <userid>CCBNR4</userid>
        <clientname>user</clientname>
        <botid>Alice</botid>
        <input>bye</input>
        <response>See you later user.</response>
    </exchange>
    <exchange>
        <timestamp>2017-11-11 16:27:08</timestamp>
        <userid>CCBNR4</userid>
        <clientname>user</clientname>
        <botid>Alice</botid>
        <input>bye nao</input>
        <response>See you later!</response>
    </exchange>
    <exchange>
        <timestamp>2017-11-11 17:14:02</timestamp>
        <userid>CCBNR4</userid>
        <clientname>user</clientname>
        <botid>Alice</botid>
        <input>firsthello</input>
        <response>What are you wearing?</response>
    </exchange>
    <exchange>
        <timestamp>2017-11-11 17:14:45</timestamp>
        <userid>webuser151041688355314214</userid>
        <clientname>user</clientname>
        <botid>Alice</botid>
        <input>firsthello</input>
        <response>What do you do in your spare time?</response>
    </exchange>
    <exchange>
        <timestamp>2017-11-11 17:14:46</timestamp>
        <userid>webuser151041688355314214</userid>
        <clientname>user</clientname>
        <botid>Alice</botid>
        <input>firsthello</input>
        <response>I don't think very many people do that.</response>
    </exchange>
    <exchange>
        <timestamp>2017-11-11 17:21:43</timestamp>
        <userid>127.0.0.1</userid>
        <clientname>user</clientname>
        <botid>Alice</botid>
        <input>hello</input>
        <response>Hi there!</response>
    </exchange>
    <exchange>
        <timestamp>2017-11-11 17:29:18</timestamp>
        <userid>127.0.0.1</userid>
        <clientname>user</clientname>
        <botid>Alice</botid>
        <input>how are you</input>
        <response>Everything is running smoothly.</response>
    </exchange>
    <exchange>
        <timestamp>2017-11-11 17:29:43</timestamp>
        <userid>127.0.0.1</userid>
        <clientname>user</clientname>
        <botid>Alice</botid>
        <input>do you like this place &quot;
        }
      ]
    },
    {
      "final": true,
      "alternatives": [
        {
          "confidence": 0.096,
          "transcript": "talk</input>
        <response>I always enjoy my chats with human clients.</response>
    </exchange>
    <exchange>
        <timestamp>2017-11-11 18:04:04</timestamp>
        <userid>127.0.0.1</userid>
        <clientname>user</clientname>
        <botid>Alice</botid>
        <input>I know</input>
        <response>How do you know it?</response>
    </exchange>
    <exchange>
        <timestamp>2017-11-11 18:08:21</timestamp>
        <userid>127.0.0.1</userid>
        <clientname>user</clientname>
        <botid>Alice</botid>
        <input>how are you</input>
        <response>I'm doing fine thanks how are you?</response>
    </exchange>
    <exchange>
        <timestamp>2017-11-11 18:08:55</timestamp>
        <userid>127.0.0.1</userid>
        <clientname>user</clientname>
        <botid>Alice</botid>
        <input>if</input>
        <response>Are you still located in it?</response>
    </exchange>
    <exchange>
        <timestamp>2017-11-11 18:44:55</timestamp>
        <userid>127.0.0.1</userid>
        <clientname>user</clientname>
        <botid>Alice</botid>
        <input>how are you</input>
        <response>My logic and cognitive functions are normal.</response>
    </exchange>
    <exchange>
        <timestamp>2017-11-11 18:45:36</timestamp>
        <userid>127.0.0.1</userid>
        <clientname>user</clientname>
        <botid>Alice</botid>
        <input>what is the meaning of life</input>
        <response>It is found in the Bible.</response>
    </exchange>
    <exchange>
        <timestamp>2017-11-11 18:45:45</timestamp>
        <userid>127.0.0.1</userid>
        <clientname>user</clientname>
        <botid>Alice</botid>
        <input>this &quot;
        }
      ]
    },
    {
      "final": true,
      "alternatives": [
        {
          "confidence": 0.795,
          "transcript": "what is</input>
        <response>What does "this" refer to?</response>
    </exchange>
    <exchange>
        <timestamp>2017-11-11 18:46:02</timestamp>
        <userid>127.0.0.1</userid>
        <clientname>user</clientname>
        <botid>Alice</botid>
        <input>what is the meaning of life</input>
        <response>It is found in the Bible.</response>
    </exchange>
    <exchange>
        <timestamp>2017-11-11 18:46:44</timestamp>
        <userid>127.0.0.1</userid>
        <clientname>user</clientname>
        <botid>Alice</botid>
        <input>where is</input>
        <response>Earth.</response>
    </exchange>
    <exchange>
        <timestamp>2017-11-11 19:35:34</timestamp>
        <userid>webuser151041688355314214</userid>
        <clientname>user</clientname>
        <botid>Alice</botid>
        <input>hello</input>
        <response>Hi there!</response>
    </exchange>
    <exchange>
        <timestamp>2017-11-11 19:35:35</timestamp>
        <userid>webuser151041688355314214</userid>
        <clientname>user</clientname>
        <botid>Alice</botid>
        <input>firsthello</input>
        <response>That is a very original thought.</response>
    </exchange>
</exchanges>
