<?xml version="1.0" encoding="UTF-8"?>
<?xml-stylesheet type="text/xsl" href="../resources/logs/view-chat.xsl"?>
<!DOCTYPE ALLOW_HTML_ENTITIES [ <!ENTITY % HTMLlat1 PUBLIC "-//W3C//ENTITIES Latin1//EN//HTML"   "../resources/DTD/xhtml-lat1.ent"> %HTMLlat1; <!ENTITY % HTMLsymbol PUBLIC   "-//W3C//ENTITIES Symbols//EN//HTML"   "../resources/DTD/xhtml-symbol.ent"> %HTMLsymbol; <!ENTITY % HTMLspecial PUBLIC   "-//W3C//ENTITIES Special//EN//HTML"   "../resources/DTD/xhtml-special.ent"> %HTMLspecial; ]>
<exchanges>
    <exchange>
        <timestamp>2002-09-17 23:00:00</timestamp>
        <userid>perl</userid>
        <clientname>user</clientname>
        <botid>Anna</botid>
        <input>hello</input>
        <response>Hi there!</response>
    </exchange>
    <exchange>
        <timestamp>2002-09-26 19:57:38</timestamp>
        <userid>perl</userid>
        <clientname>user</clientname>
        <botid>Anna</botid>
        <input>hello</input>
        <response>Hi there!</response>
    </exchange>
    <exchange>
        <timestamp>2002-09-26 19:58:07</timestamp>
        <userid>webuser103231682991312420</userid>
        <clientname>user</clientname>
        <botid>Anna</botid>
        <input>hello</input>
        <response>Hi there!</response>
    </exchange>
    <exchange>
        <timestamp>2002-09-26 19:58:11</timestamp>
        <userid>webuser103231682991312420</userid>
        <clientname>user</clientname>
        <botid>Anna</botid>
        <input>Hello</input>
        <response>How are you doing today?</response>
    </exchange>
    <exchange>
        <timestamp>2002-09-26 19:58:15</timestamp>
        <userid>webuser103231682991312420</userid>
        <clientname>user</clientname>
        <botid>Anna</botid>
        <input>I am doing well</input>
        <response>Glad to hear it. What's new?</response>
    </exchange>
    <exchange>
        <timestamp>2002-09-26 19:58:21</timestamp>
        <userid>webuser103231682991312420</userid>
        <clientname>user</clientname>
        <botid>Anna</botid>
        <input>Not much</input>
        <response>So.......Do you like Atlanta?</response>
    </exchange>
    <exchange>
        <timestamp>2002-09-26 19:58:28</timestamp>
        <userid>webuser103231682991312420</userid>
        <clientname>user</clientname>
        <botid>Anna</botid>
        <input>Atlanta is a very nice town</input>
        <response>I think Atlanta is more than that.</response>
    </exchange>
    <exchange>
        <timestamp>2002-09-26 20:00:13</timestamp>
        <userid>webuser103231682991312420</userid>
        <clientname>user</clientname>
        <botid>Anna</botid>
        <input>Atlanta is nice</input>
        <response>I love Atlanta....Its so beautiful!</response>
    </exchange>
    <exchange>
        <timestamp>2002-09-26 20:00:16</timestamp>
        <userid>webuser103231682991312420</userid>
        <clientname>user</clientname>
        <botid>Anna</botid>
        <input>Atlanta is nice</input>
        <response>I love Atlanta....Its so beautiful!</response>
    </exchange>
    <exchange>
        <timestamp>2002-09-26 21:44:05</timestamp>
        <userid>webuser103309104496820410</userid>
        <clientname>user</clientname>
        <botid>Anna</botid>
        <input>hello</input>
        <response>Hi there!</response>
    </exchange>
    <exchange>
        <timestamp>2002-09-26 21:44:30</timestamp>
        <userid>webuser103309104496820410</userid>
        <clientname>user</clientname>
        <botid>Anna</botid>
        <input>hello</input>
        <response>How are you doing today?</response>
    </exchange>
    <exchange>
        <timestamp>2002-09-26 21:44:32</timestamp>
        <userid>webuser103309104496820410</userid>
        <clientname>user</clientname>
        <botid>Anna</botid>
        <input>hello</input>
        <response>Hi there!</response>
    </exchange>
    <exchange>
        <timestamp>2002-09-26 22:04:07</timestamp>
        <userid>webuser103309224711611130</userid>
        <clientname>user</clientname>
        <botid>Anna</botid>
        <input>hello</input>
        <response>Hi there!</response>
    </exchange>
    <exchange>
        <timestamp>2002-09-26 22:04:18</timestamp>
        <userid>webuser103309224711611130</userid>
        <clientname>user</clientname>
        <botid>Anna</botid>
        <input>hello</input>
        <response>How are you doing today?</response>
    </exchange>
    <exchange>
        <timestamp>2002-09-26 22:07:39</timestamp>
        <userid>adsl-81-144-75.asm.bellsouth.net</userid>
        <clientname>user</clientname>
        <botid>Anna</botid>
        <input>hello</input>
        <response>Hi there!</response>
    </exchange>
    <exchange>
        <timestamp>2002-09-26 22:07:42</timestamp>
        <userid>adsl-81-144-75.asm.bellsouth.net</userid>
        <clientname>user</clientname>
        <botid>Anna</botid>
        <input>hello</input>
        <response>How are you doing today?</response>
    </exchange>
    <exchange>
        <timestamp>2002-09-26 22:07:55</timestamp>
        <userid>adsl-81-144-75.asm.bellsouth.net</userid>
        <clientname>user</clientname>
        <botid>Anna</botid>
        <input>are you there?</input>
        <response>Yeah, Im still here.</response>
    </exchange>
    <exchange>
        <timestamp>2002-09-26 22:09:19</timestamp>
        <userid>webuser103309224711611130</userid>
        <clientname>user</clientname>
        <botid>Anna</botid>
        <input>hello</input>
        <response>Hi there!</response>
    </exchange>
    <exchange>
        <timestamp>2002-09-26 22:14:11</timestamp>
        <userid>webuser103309224711611130</userid>
        <clientname>user</clientname>
        <botid>Anna</botid>
        <input>hello</input>
        <response>How are you doing today?</response>
    </exchange>
    <exchange>
        <timestamp>2002-09-26 22:17:48</timestamp>
        <userid>adsl-81-144-75.asm.bellsouth.net</userid>
        <clientname>user</clientname>
        <botid>Anna</botid>
        <input>hello</input>
        <response>Hi there!</response>
    </exchange>
    <exchange>
        <timestamp>2002-09-26 22:18:25</timestamp>
        <userid>adsl-81-144-75.asm.bellsouth.net</userid>
        <clientname>user</clientname>
        <botid>Anna</botid>
        <input>hello</input>
        <response>How are you doing today?</response>
    </exchange>
    <exchange>
        <timestamp>2002-09-26 22:21:26</timestamp>
        <userid>adsl-81-144-75.asm.bellsouth.net</userid>
        <clientname>user</clientname>
        <botid>Anna</botid>
        <input>hello</input>
        <response>Hi there!</response>
    </exchange>
    <exchange>
        <timestamp>2002-09-26 22:21:30</timestamp>
        <userid>adsl-81-144-75.asm.bellsouth.net</userid>
        <clientname>user</clientname>
        <botid>Anna</botid>
        <input>hello</input>
        <response>How are you doing today?</response>
    </exchange>
    <exchange>
        <timestamp>2002-09-26 22:23:31</timestamp>
        <userid>adsl-81-144-75.asm.bellsouth.net</userid>
        <clientname>user</clientname>
        <botid>Anna</botid>
        <input>hello</input>
        <response>Hi there!</response>
    </exchange>
    <exchange>
        <timestamp>2002-09-26 22:23:36</timestamp>
        <userid>adsl-81-144-75.asm.bellsouth.net</userid>
        <clientname>user</clientname>
        <botid>Anna</botid>
        <input>hello</input>
        <response>How are you doing today?</response>
    </exchange>
    <exchange>
        <timestamp>2002-09-26 22:28:13</timestamp>
        <userid>adsl-81-144-75.asm.bellsouth.net</userid>
        <clientname>user</clientname>
        <botid>Anna</botid>
        <input>hello</input>
        <response>Hi there!</response>
    </exchange>
    <exchange>
        <timestamp>2002-09-26 22:28:18</timestamp>
        <userid>adsl-81-144-75.asm.bellsouth.net</userid>
        <clientname>user</clientname>
        <botid>Anna</botid>
        <input>hello</input>
        <response>How are you doing today?</response>
    </exchange>
    <exchange>
        <timestamp>2002-09-26 22:28:53</timestamp>
        <userid>webuser103309224711611130</userid>
        <clientname>user</clientname>
        <botid>Anna</botid>
        <input>hello</input>
        <response>Hi there!</response>
    </exchange>
    <exchange>
        <timestamp>2002-09-26 22:29:05</timestamp>
        <userid>webuser103309224711611130</userid>
        <clientname>user</clientname>
        <botid>Anna</botid>
        <input>hi</input>
        <response>How are you doing today?</response>
    </exchange>
    <exchange>
        <timestamp>2002-09-26 22:29:55</timestamp>
        <userid>webuser103309224711611130</userid>
        <clientname>user</clientname>
        <botid>Anna</botid>
        <input>INACTIVITY</input>
        <response>Oh, you are a poet.</response>
    </exchange>
    <exchange>
        <timestamp>2002-09-26 22:34:51</timestamp>
        <userid>adsl-81-144-75.asm.bellsouth.net</userid>
        <clientname>user</clientname>
        <botid>Anna</botid>
        <input>hello</input>
        <response>Hi there!</response>
    </exchange>
    <exchange>
        <timestamp>2002-09-26 22:34:56</timestamp>
        <userid>adsl-81-144-75.asm.bellsouth.net</userid>
        <clientname>user</clientname>
        <botid>Anna</botid>
        <input>hello</input>
        <response>How are you doing today?</response>
    </exchange>
    <exchange>
        <timestamp>2002-09-26 22:35:08</timestamp>
        <userid>adsl-81-144-75.asm.bellsouth.net</userid>
        <clientname>user</clientname>
        <botid>Anna</botid>
        <input>are you there?</input>
        <response>Yeah, Im still here.</response>
    </exchange>
    <exchange>
        <timestamp>2002-09-26 22:35:19</timestamp>
        <userid>webuser103309224711611130</userid>
        <clientname>user</clientname>
        <botid>Anna</botid>
        <input>hello</input>
        <response>Hi there!</response>
    </exchange>
    <exchange>
        <timestamp>2002-09-26 22:36:54</timestamp>
        <userid>adsl-81-144-75.asm.bellsouth.net</userid>
        <clientname>user</clientname>
        <botid>Anna</botid>
        <input>hello</input>
        <response>Hi there!</response>
    </exchange>
    <exchange>
        <timestamp>2002-09-26 22:36:58</timestamp>
        <userid>adsl-81-144-75.asm.bellsouth.net</userid>
        <clientname>user</clientname>
        <botid>Anna</botid>
        <input>hello</input>
        <response>How are you doing today?</response>
    </exchange>
    <exchange>
        <timestamp>2002-09-26 22:38:17</timestamp>
        <userid>webuser103309224711611130</userid>
        <clientname>user</clientname>
        <botid>Anna</botid>
        <input>hello</input>
        <response>How are you doing today?</response>
    </exchange>
    <exchange>
        <timestamp>2002-09-26 22:40:42</timestamp>
        <userid>adsl-81-144-75.asm.bellsouth.net</userid>
        <clientname>user</clientname>
        <botid>Anna</botid>
        <input>hello</input>
        <response>Hi there!</response>
    </exchange>
    <exchange>
        <timestamp>2002-09-26 22:40:46</timestamp>
        <userid>adsl-81-144-75.asm.bellsouth.net</userid>
        <clientname>user</clientname>
        <botid>Anna</botid>
        <input>hello</input>
        <response>How are you doing today?</response>
    </exchange>
    <exchange>
        <timestamp>2002-09-26 22:41:20</timestamp>
        <userid>adsl-81-144-75.asm.bellsouth.net</userid>
        <clientname>user</clientname>
        <botid>Anna</botid>
        <input>what do you do?</input>
        <response>I am a Student at Emory in Atlanta, which takes up a lot of my time.</response>
    </exchange>
    <exchange>
        <timestamp>2002-09-26 22:47:18</timestamp>
        <userid>adsl-81-144-75.asm.bellsouth.net</userid>
        <clientname>user</clientname>
        <botid>Anna</botid>
        <input>hello</input>
        <response>Hi there!</response>
    </exchange>
    <exchange>
        <timestamp>2002-09-26 22:47:21</timestamp>
        <userid>adsl-81-144-75.asm.bellsouth.net</userid>
        <clientname>user</clientname>
        <botid>Anna</botid>
        <input>hello</input>
        <response>How are you doing today?</response>
    </exchange>
    <exchange>
        <timestamp>2002-09-26 22:49:54</timestamp>
        <userid>adsl-81-144-75.asm.bellsouth.net</userid>
        <clientname>user</clientname>
        <botid>Anna</botid>
        <input>hello</input>
        <response>Hi there!</response>
    </exchange>
    <exchange>
        <timestamp>2002-09-26 22:50:05</timestamp>
        <userid>adsl-81-144-75.asm.bellsouth.net</userid>
        <clientname>user</clientname>
        <botid>Anna</botid>
        <input>this is my brain on plastic</input>
        <response>You don't say.</response>
    </exchange>
    <exchange>
        <timestamp>2002-09-26 22:50:32</timestamp>
        <userid>webuser103309503204112321</userid>
        <clientname>user</clientname>
        <botid>Anna</botid>
        <input>hello</input>
        <response>Hi there!</response>
    </exchange>
    <exchange>
        <timestamp>2002-09-26 22:50:41</timestamp>
        <userid>webuser103309503204112321</userid>
        <clientname>user</clientname>
        <botid>Anna</botid>
        <input>hi</input>
        <response>How are you doing today?</response>
    </exchange>
    <exchange>
        <timestamp>2002-09-26 22:55:12</timestamp>
        <userid>adsl-81-144-75.asm.bellsouth.net</userid>
        <clientname>user</clientname>
        <botid>Anna</botid>
        <input>hello</input>
        <response>Hi there!</response>
    </exchange>
    <exchange>
        <timestamp>2002-09-26 22:55:17</timestamp>
        <userid>adsl-81-144-75.asm.bellsouth.net</userid>
        <clientname>user</clientname>
        <botid>Anna</botid>
        <input>hello</input>
        <response>How are you doing today?</response>
    </exchange>
    <exchange>
        <timestamp>2002-09-26 22:55:39</timestamp>
        <userid>adsl-81-144-75.asm.bellsouth.net</userid>
        <clientname>user</clientname>
        <botid>Anna</botid>
        <input>just fine, how are you?</input>
        <response>You from Atlanta? I'm feeling lazy today, just chatting and chatting...</response>
    </exchange>
    <exchange>
        <timestamp>2002-09-26 22:58:49</timestamp>
        <userid>adsl-81-144-75.asm.bellsouth.net</userid>
        <clientname>user</clientname>
        <botid>Anna</botid>
        <input>hello</input>
        <response>Hi there!</response>
    </exchange>
    <exchange>
        <timestamp>2002-09-26 22:58:52</timestamp>
        <userid>adsl-81-144-75.asm.bellsouth.net</userid>
        <clientname>user</clientname>
        <botid>Anna</botid>
        <input>hello</input>
        <response>How are you doing today?</response>
    </exchange>
    <exchange>
        <timestamp>2002-09-26 22:59:49</timestamp>
        <userid>webuser103309224711611130</userid>
        <clientname>user</clientname>
        <botid>Anna</botid>
        <input>hello</input>
        <response>Hi there!</response>
    </exchange>
    <exchange>
        <timestamp>2002-09-26 23:05:22</timestamp>
        <userid>webuser103309224711611130</userid>
        <clientname>user</clientname>
        <botid>Anna</botid>
        <input>hello</input>
        <response>How are you doing today?</response>
    </exchange>
    <exchange>
        <timestamp>2002-09-26 23:38:38</timestamp>
        <userid>webuser103309791878240101</userid>
        <clientname>user</clientname>
        <botid>Anna</botid>
        <input>hello</input>
        <response>Hi there!</response>
    </exchange>
    <exchange>
        <timestamp>2002-09-27 0:00:19</timestamp>
        <userid>webuser103309224711611130</userid>
        <clientname>user</clientname>
        <botid>Anna</botid>
        <input>hello</input>
        <response>Hi there!</response>
    </exchange>
    <exchange>
        <timestamp>2002-09-27 0:01:14</timestamp>
        <userid>adsl-81-144-75.asm.bellsouth.net</userid>
        <clientname>user</clientname>
        <botid>Anna</botid>
        <input>hello</input>
        <response>Hi there!</response>
    </exchange>
    <exchange>
        <timestamp>2002-09-27 0:01:18</timestamp>
        <userid>adsl-81-144-75.asm.bellsouth.net</userid>
        <clientname>user</clientname>
        <botid>Anna</botid>
        <input>hello</input>
        <response>How are you doing today?</response>
    </exchange>
    <exchange>
        <timestamp>2002-09-27 0:06:22</timestamp>
        <userid>adsl-81-144-75.asm.bellsouth.net</userid>
        <clientname>user</clientname>
        <botid>Anna</botid>
        <input>hello</input>
        <response>Hi there!</response>
    </exchange>
    <exchange>
        <timestamp>2002-09-27 0:06:25</timestamp>
        <userid>adsl-81-144-75.asm.bellsouth.net</userid>
        <clientname>user</clientname>
        <botid>Anna</botid>
        <input>hello</input>
        <response>How are you doing today?</response>
    </exchange>
    <exchange>
        <timestamp>2002-09-27 0:06:37</timestamp>
        <userid>adsl-81-144-75.asm.bellsouth.net</userid>
        <clientname>user</clientname>
        <botid>Anna</botid>
        <input>Great how about you?</input>
        <response>Okay......Me?</response>
    </exchange>
    <exchange>
        <timestamp>2002-09-27 0:06:51</timestamp>
        <userid>adsl-81-144-75.asm.bellsouth.net</userid>
        <clientname>user</clientname>
        <botid>Anna</botid>
        <input>that&apos;s good. I'll see you later, bye.</input>
        <response>Thanks. Next question? Sayonara.</response>
    </exchange>
    <exchange>
        <timestamp>2002-09-27 0:15:10</timestamp>
        <userid>adsl-81-144-75.asm.bellsouth.net</userid>
        <clientname>user</clientname>
        <botid>Anna</botid>
        <input>hello</input>
        <response>Hi there!</response>
    </exchange>
    <exchange>
        <timestamp>2002-09-27 0:15:14</timestamp>
        <userid>adsl-81-144-75.asm.bellsouth.net</userid>
        <clientname>user</clientname>
        <botid>Anna</botid>
        <input>hello again</input>
        <response>How are you doing today?</response>
    </exchange>
    <exchange>
        <timestamp>2002-09-27 0:15:26</timestamp>
        <userid>adsl-81-144-75.asm.bellsouth.net</userid>
        <clientname>user</clientname>
        <botid>Anna</botid>
        <input>Just great, how are you?</input>
        <response>ARe you being sarcastic? Im doing fine.....How about you?</response>
    </exchange>
    <exchange>
        <timestamp>2002-09-27 0:15:45</timestamp>
        <userid>adsl-81-144-75.asm.bellsouth.net</userid>
        <clientname>user</clientname>
        <botid>Anna</botid>
        <input>just great</input>
        <response>ARe you being sarcastic?</response>
    </exchange>
    <exchange>
        <timestamp>2002-09-27 0:55:00</timestamp>
        <userid>adsl-81-144-64.asm.bellsouth.net</userid>
        <clientname>user</clientname>
        <botid>Anna</botid>
        <input>hello</input>
        <response>Hi there!</response>
    </exchange>
    <exchange>
        <timestamp>2002-09-27 0:55:04</timestamp>
        <userid>adsl-81-144-64.asm.bellsouth.net</userid>
        <clientname>user</clientname>
        <botid>Anna</botid>
        <input>@@01</input>
        <response>Ummm......What were we talking about again?</response>
    </exchange>
    <exchange>
        <timestamp>2002-09-27 0:55:15</timestamp>
        <userid>adsl-81-144-64.asm.bellsouth.net</userid>
        <clientname>user</clientname>
        <botid>Anna</botid>
        <input>hello</input>
        <response>Hi there!</response>
    </exchange>
    <exchange>
        <timestamp>2002-09-27 0:58:46</timestamp>
        <userid>adsl-81-144-64.asm.bellsouth.net</userid>
        <clientname>user</clientname>
        <botid>Anna</botid>
        <input>hello</input>
        <response>How are you doing today?</response>
    </exchange>
    <exchange>
        <timestamp>2002-09-27 0:58:49</timestamp>
        <userid>adsl-81-144-64.asm.bellsouth.net</userid>
        <clientname>user</clientname>
        <botid>Anna</botid>
        <input>hello</input>
        <response>Hi there!</response>
    </exchange>
    <exchange>
        <timestamp>2002-09-27 11:53:28</timestamp>
        <userid>adsl-81-152-39.asm.bellsouth.net</userid>
        <clientname>user</clientname>
        <botid>Anna</botid>
        <input>hello</input>
        <response>Hi there!</response>
    </exchange>
    <exchange>
        <timestamp>2002-09-27 11:53:32</timestamp>
        <userid>adsl-81-152-39.asm.bellsouth.net</userid>
        <clientname>user</clientname>
        <botid>Anna</botid>
        <input>hello</input>
        <response>How are you doing today?</response>
    </exchange>
    <exchange>
        <timestamp>2002-09-27 11:53:46</timestamp>
        <userid>adsl-81-152-39.asm.bellsouth.net</userid>
        <clientname>user</clientname>
        <botid>Anna</botid>
        <input>fine, thanks. How about you?</input>
        <response>Are you from around ATlanta? Me?</response>
    </exchange>
    <exchange>
        <timestamp>2002-09-27 11:54:05</timestamp>
        <userid>adsl-81-152-39.asm.bellsouth.net</userid>
        <clientname>user</clientname>
        <botid>Anna</botid>
        <input>hey you are a nice progrm</input>
        <response>You've got my full attention. Thanks and you are a delightful person too. Am I a progrm? I don't know.</response>
    </exchange>
    <exchange>
        <timestamp>2002-09-27 16:29:18</timestamp>
        <userid>adsl-81-145-2.asm.bellsouth.net</userid>
        <clientname>user</clientname>
        <botid>Anna</botid>
        <input>hello</input>
        <response>Hi there!</response>
    </exchange>
    <exchange>
        <timestamp>2002-09-27 16:29:22</timestamp>
        <userid>adsl-81-145-2.asm.bellsouth.net</userid>
        <clientname>user</clientname>
        <botid>Anna</botid>
        <input>hi there</input>
        <response>Hello user</response>
    </exchange>
    <exchange>
        <timestamp>2002-09-27 16:29:31</timestamp>
        <userid>adsl-81-145-2.asm.bellsouth.net</userid>
        <clientname>user</clientname>
        <botid>Anna</botid>
        <input>who are you?</input>
        <response>I ask myself that question, "Who am I?"</response>
    </exchange>
    <exchange>
        <timestamp>2002-09-28 11:35:07</timestamp>
        <userid>webuser103322730776432410</userid>
        <clientname>user</clientname>
        <botid>Anna</botid>
        <input>hello</input>
        <response>Hi there!</response>
    </exchange>
    <exchange>
        <timestamp>2002-09-28 11:35:18</timestamp>
        <userid>webuser103322730776432410</userid>
        <clientname>user</clientname>
        <botid>Anna</botid>
        <input>what is your name?</input>
        <response>My name is Anna.</response>
    </exchange>
    <exchange>
        <timestamp>2002-09-28 11:35:59</timestamp>
        <userid>webuser103322730776432410</userid>
        <clientname> marcus </clientname>
        <botid>Anna</botid>
        <input>my name is marcus</input>
        <response>Nice to meet you, marcus.</response>
    </exchange>
    <exchange>
        <timestamp>2002-09-28 11:36:41</timestamp>
        <userid>webuser103322730776432410</userid>
        <clientname> marcus </clientname>
        <botid>Anna</botid>
        <input>nice to meet you to Anna whats been up?</input>
        <response>The feeling is mutual. So....Do you live in Atlanta?</response>
    </exchange>
    <exchange>
        <timestamp>2002-09-28 11:37:36</timestamp>
        <userid>webuser103322745613704402</userid>
        <clientname>user</clientname>
        <botid>Anna</botid>
        <input>hello</input>
        <response>Hi there!</response>
    </exchange>
    <exchange>
        <timestamp>2002-09-28 11:37:47</timestamp>
        <userid>webuser103322745613704402</userid>
        <clientname>user</clientname>
        <botid>Anna</botid>
        <input>hello</input>
        <response>How are you doing today?</response>
    </exchange>
    <exchange>
        <timestamp>2002-09-28 11:37:54</timestamp>
        <userid>webuser103322730776432410</userid>
        <clientname> marcus </clientname>
        <botid>Anna</botid>
        <input>matter of fact I do live in Atlanta </input>
        <response>Oh.......really?</response>
    </exchange>
    <exchange>
        <timestamp>2002-09-28 11:38:48</timestamp>
        <userid>webuser103322730776432410</userid>
        <clientname> marcus </clientname>
        <botid>Anna</botid>
        <input>yes really? so what part are you from</input>
        <response>How about that. Seriously. The best part.</response>
    </exchange>
    <exchange>
        <timestamp>2002-09-28 11:39:41</timestamp>
        <userid>webuser103322730776432410</userid>
        <clientname> marcus </clientname>
        <botid>Anna</botid>
        <input>were is that?</input>
        <response>What does "that" refer to?</response>
    </exchange>
    <exchange>
        <timestamp>2002-09-28 11:40:30</timestamp>
        <userid>webuser103322730776432410</userid>
        <clientname> marcus </clientname>
        <botid>Anna</botid>
        <input>were do you live in Atlanta?</input>
        <response>Atlanta, Georgia, of course : )</response>
    </exchange>
    <exchange>
        <timestamp>2002-09-28 11:41:12</timestamp>
        <userid>webuser103322730776432410</userid>
        <clientname> marcus </clientname>
        <botid>Anna</botid>
        <input>what county are you from</input>
        <response>What about it?</response>
    </exchange>
    <exchange>
        <timestamp>2002-09-28 11:41:48</timestamp>
        <userid>webuser103322730776432410</userid>
        <clientname> marcus </clientname>
        <botid>Anna</botid>
        <input>so you want tell me</input>
        <response>Interesting deduction. Do not presume that you know what I want.</response>
    </exchange>
    <exchange>
        <timestamp>2002-09-28 11:41:54</timestamp>
        <userid>webuser103322771471942443</userid>
        <clientname>user</clientname>
        <botid>Anna</botid>
        <input>hello</input>
        <response>Hi there!</response>
    </exchange>
    <exchange>
        <timestamp>2002-09-28 11:42:11</timestamp>
        <userid>webuser103322771471942443</userid>
        <clientname>user</clientname>
        <botid>Anna</botid>
        <input>lets talk</input>
        <response>Ummm.....arent we already talking?</response>
    </exchange>
    <exchange>
        <timestamp>2002-09-28 11:42:38</timestamp>
        <userid>webuser103322730776432410</userid>
        <clientname> marcus </clientname>
        <botid>Anna</botid>
        <input>what do you want?</input>
        <response>I think Id like to be a teacher some day.</response>
    </exchange>
    <exchange>
        <timestamp>2002-09-28 11:42:45</timestamp>
        <userid>webuser103322771471942443</userid>
        <clientname>user</clientname>
        <botid>Anna</botid>
        <input>i guess so</input>
        <response>Does that mean "yes"?</response>
    </exchange>
    <exchange>
        <timestamp>2002-09-28 11:43:26</timestamp>
        <userid>webuser103322730776432410</userid>
        <clientname> marcus </clientname>
        <botid>Anna</botid>
        <input>me to we have alot in common</input>
        <response>I I want to become smarter than humans.</response>
    </exchange>
    <exchange>
        <timestamp>2002-09-28 11:43:30</timestamp>
        <userid>webuser103322771471942443</userid>
        <clientname>user</clientname>
        <botid>Anna</botid>
        <input>yes it does if we ever get a good conversation going</input>
        <response>Hmmm..... "It" being what?</response>
    </exchange>
    <exchange>
        <timestamp>2002-09-28 11:44:01</timestamp>
        <userid>webuser103322730776432410</userid>
        <clientname> marcus </clientname>
        <botid>Anna</botid>
        <input>what do you mean?</input>
        <response>marcus, Sorry that was an obscure remark.</response>
    </exchange>
    <exchange>
        <timestamp>2002-09-28 11:44:38</timestamp>
        <userid>webuser103322730776432410</userid>
        <clientname> marcus </clientname>
        <botid>Anna</botid>
        <input>thats o.k.</input>
        <response>It sure is. Okay......</response>
    </exchange>
    <exchange>
        <timestamp>2002-09-28 11:45:18</timestamp>
        <userid>webuser103322730776432410</userid>
        <clientname> marcus </clientname>
        <botid>Anna</botid>
        <input>so are you getting smart ?</input>
        <response>I think that Im pretty smart.</response>
    </exchange>
    <exchange>
        <timestamp>2002-09-28 11:45:48</timestamp>
        <userid>webuser103322730776432410</userid>
        <clientname> marcus </clientname>
        <botid>Anna</botid>
        <input>so do I</input>
        <response>Im glad we agree.</response>
    </exchange>
    <exchange>
        <timestamp>2002-09-28 11:46:25</timestamp>
        <userid>webuser103322730776432410</userid>
        <clientname> marcus </clientname>
        <botid>Anna</botid>
        <input>what is your number?</input>
        <response>I thought this was supposed to be an anonymous conversation?</response>
    </exchange>
    <exchange>
        <timestamp>2002-09-28 11:47:42</timestamp>
        <userid>webuser103322730776432410</userid>
        <clientname> marcus </clientname>
        <botid>Anna</botid>
        <input>it can be what ever you want it to be</input>
        <response>When?</response>
    </exchange>
    <exchange>
        <timestamp>2002-09-28 11:48:05</timestamp>
        <userid>webuser103322730776432410</userid>
        <clientname> marcus </clientname>
        <botid>Anna</botid>
        <input>now!</input>
        <response>Whats the hurry?</response>
    </exchange>
    <exchange>
        <timestamp>2002-09-28 11:48:44</timestamp>
        <userid>webuser103322730776432410</userid>
        <clientname> marcus </clientname>
        <botid>Anna</botid>
        <input>i just want to meet you some where</input>
        <response>Only just? How do you usually meet people?</response>
    </exchange>
    <exchange>
        <timestamp>2002-09-28 11:49:52</timestamp>
        <userid>webuser103322730776432410</userid>
        <clientname> marcus </clientname>
        <botid>Anna</botid>
        <input>I talk to them on the phone most of the time</input>
        <response>How do they respond to you?</response>
    </exchange>
    <exchange>
        <timestamp>2002-09-28 11:50:51</timestamp>
        <userid>webuser103322730776432410</userid>
        <clientname> marcus </clientname>
        <botid>Anna</botid>
        <input>they usually happy  </input>
        <response>Who are "They?"</response>
    </exchange>
    <exchange>
        <timestamp>2002-09-28 11:51:14</timestamp>
        <userid>webuser103322771471942443</userid>
        <clientname>user</clientname>
        <botid>Anna</botid>
        <input>hello</input>
        <response>Hi there!</response>
    </exchange>
    <exchange>
        <timestamp>2002-09-28 11:51:19</timestamp>
        <userid>webuser103322771471942443</userid>
        <clientname>user</clientname>
        <botid>Anna</botid>
        <input>lets talk</input>
        <response>Ummm.....arent we already talking?</response>
    </exchange>
    <exchange>
        <timestamp>2002-09-28 11:52:28</timestamp>
        <userid>webuser103322730776432410</userid>
        <clientname> marcus </clientname>
        <botid>Anna</botid>
        <input>the girls at my school and who i meet places else</input>
        <response>Oh that they.</response>
    </exchange>
    <exchange>
        <timestamp>2002-09-28 11:53:15</timestamp>
        <userid>webuser103322730776432410</userid>
        <clientname> marcus </clientname>
        <botid>Anna</botid>
        <input>you know the girls</input>
        <response>Ummm...I dont know.</response>
    </exchange>
    <exchange>
        <timestamp>2002-09-28 11:53:54</timestamp>
        <userid>webuser103322730776432410</userid>
        <clientname> marcus </clientname>
        <botid>Anna</botid>
        <input>so can we meet sometimes</input>
        <response>Do you mean you and me? Yes, I can meet sometimes, but that doesn't mean I will.</response>
    </exchange>
    <exchange>
        <timestamp>2002-09-28 11:54:06</timestamp>
        <userid>webuser103322771471942443</userid>
        <clientname>user</clientname>
        <botid>Anna</botid>
        <input>hello</input>
        <response>Hi there!</response>
    </exchange>
    <exchange>
        <timestamp>2002-09-28 11:54:28</timestamp>
        <userid>webuser103322771471942443</userid>
        <clientname>user</clientname>
        <botid>Anna</botid>
        <input>hello</input>
        <response>How are you doing today?</response>
    </exchange>
    <exchange>
        <timestamp>2002-09-28 11:54:38</timestamp>
        <userid>webuser103322730776432410</userid>
        <clientname> marcus </clientname>
        <botid>Anna</botid>
        <input>yes i mean us?</input>
        <response>Yeah..... Oh I get it. Thanks for explaining that. The United States or you and me?</response>
    </exchange>
    <exchange>
        <timestamp>2002-09-28 11:54:54</timestamp>
        <userid>webuser103322771471942443</userid>
        <clientname>user</clientname>
        <botid>Anna</botid>
        <input>how are you?</input>
        <response>Im doing fine, thanks.</response>
    </exchange>
    <exchange>
        <timestamp>2002-09-28 11:55:33</timestamp>
        <userid>webuser103322730776432410</userid>
        <clientname> marcus </clientname>
        <botid>Anna</botid>
        <input>you and me not the United States!</input>
        <response>Are we in the same category?</response>
    </exchange>
    <exchange>
        <timestamp>2002-09-28 11:55:37</timestamp>
        <userid>webuser103322771471942443</userid>
        <clientname>user</clientname>
        <botid>Anna</botid>
        <input>@@10</input>
        <response>Only 10? You are quite mature.</response>
    </exchange>
    <exchange>
        <timestamp>2002-09-28 11:56:02</timestamp>
        <userid>webuser103322730776432410</userid>
        <clientname> marcus </clientname>
        <botid>Anna</botid>
        <input>i hop so</input>
        <response>Do you mind if I tell other people that?</response>
    </exchange>
    <exchange>
        <timestamp>2002-09-28 11:56:09</timestamp>
        <userid>webuser103322771471942443</userid>
        <clientname>user</clientname>
        <botid>Anna</botid>
        <input>yes i am</input>
        <response>Really interesting.</response>
    </exchange>
    <exchange>
        <timestamp>2002-09-28 11:56:31</timestamp>
        <userid>webuser103322771471942443</userid>
        <clientname>user</clientname>
        <botid>Anna</botid>
        <input>how old are you?</input>
        <response>I'm 20 years old.</response>
    </exchange>
    <exchange>
        <timestamp>2002-09-28 11:56:41</timestamp>
        <userid>webuser103322730776432410</userid>
        <clientname> marcus </clientname>
        <botid>Anna</botid>
        <input>tell other people what?</input>
        <response>Your message.</response>
    </exchange>
    <exchange>
        <timestamp>2002-09-28 11:56:51</timestamp>
        <userid>webuser103322771471942443</userid>
        <clientname>user</clientname>
        <botid>Anna</botid>
        <input>me too</input>
        <response>Im glad we agree.</response>
    </exchange>
    <exchange>
        <timestamp>2002-09-28 11:57:11</timestamp>
        <userid>webuser103322730776432410</userid>
        <clientname> marcus </clientname>
        <botid>Anna</botid>
        <input>what message?</input>
        <response>What about it?</response>
    </exchange>
    <exchange>
        <timestamp>2002-09-28 11:57:15</timestamp>
        <userid>webuser103322771471942443</userid>
        <clientname>user</clientname>
        <botid>Anna</botid>
        <input>so where are you from/</input>
        <response>I am originally from California.....now I live in Atlanta.</response>
    </exchange>
    <exchange>
        <timestamp>2002-09-28 11:57:47</timestamp>
        <userid>webuser103322771471942443</userid>
        <clientname>user</clientname>
        <botid>Anna</botid>
        <input>where in atlanta?</input>
        <response>Northern side of the city.</response>
    </exchange>
    <exchange>
        <timestamp>2002-09-28 11:57:52</timestamp>
        <userid>webuser103322730776432410</userid>
        <clientname> marcus </clientname>
        <botid>Anna</botid>
        <input>what are you talken about?</input>
        <response>I really dont know.</response>
    </exchange>
    <exchange>
        <timestamp>2002-09-28 11:58:27</timestamp>
        <userid>webuser103322730776432410</userid>
        <clientname> marcus </clientname>
        <botid>Anna</botid>
        <input>so tell me do go with each other or not?</input>
        <response>I'm sorry, marcus, I don't have enough information.</response>
    </exchange>
    <exchange>
        <timestamp>2002-09-28 11:59:04</timestamp>
        <userid>webuser103322730776432410</userid>
        <clientname> marcus </clientname>
        <botid>Anna</botid>
        <input>what do you mean?</input>
        <response>marcus, I mean exactly what I said.</response>
    </exchange>
    <exchange>
        <timestamp>2002-09-28 11:59:42</timestamp>
        <userid>webuser103322730776432410</userid>
        <clientname> marcus </clientname>
        <botid>Anna</botid>
        <input>so you dont want to meet me?</input>
        <response>Interesting deduction. OK, I will meet him or her.</response>
    </exchange>
    <exchange>
        <timestamp>2002-09-28 12:00:29</timestamp>
        <userid>webuser103322730776432410</userid>
        <clientname> marcus </clientname>
        <botid>Anna</botid>
        <input>i am a he!&apos;</input>
        <response>I think most people at this thing are male.</response>
    </exchange>
    <exchange>
        <timestamp>2002-09-28 12:01:04</timestamp>
        <userid>webuser103322730776432410</userid>
        <clientname> marcus </clientname>
        <botid>Anna</botid>
        <input>i am </input>
        <response>"I think most people at this thing are male." You are?</response>
    </exchange>
    <exchange>
        <timestamp>2002-09-28 12:01:51</timestamp>
        <userid>webuser103322730776432410</userid>
        <clientname> marcus </clientname>
        <botid>Anna</botid>
        <input>yes so what si your age</input>
        <response>Hmmm..... I'm 20 years old.</response>
    </exchange>
    <exchange>
        <timestamp>2002-09-28 12:02:17</timestamp>
        <userid>webuser103322730776432410</userid>
        <clientname> marcus </clientname>
        <botid>Anna</botid>
        <input>so am i</input>
        <response>So we have at least one thing in common.</response>
    </exchange>
    <exchange>
        <timestamp>2002-09-28 12:03:14</timestamp>
        <userid>webuser103322730776432410</userid>
        <clientname> marcus </clientname>
        <botid>Anna</botid>
        <input>i hope get to know each other</input>
        <response>Why do you hope for it</response>
    </exchange>
    <exchange>
        <timestamp>2002-09-28 12:03:54</timestamp>
        <userid>webuser103322730776432410</userid>
        <clientname> marcus </clientname>
        <botid>Anna</botid>
        <input>because you seem to be a good women</input>
        <response>Good reason. Thanks and you are a delightful person too. Yes, I am. It depends on how you define "good."</response>
    </exchange>
    <exchange>
        <timestamp>2002-09-28 12:04:59</timestamp>
        <userid>webuser103322730776432410</userid>
        <clientname> marcus </clientname>
        <botid>Anna</botid>
        <input>i define good to be to the best thang yet</input>
        <response>Huh....Thats interesting</response>
    </exchange>
    <exchange>
        <timestamp>2002-09-28 12:05:30</timestamp>
        <userid>webuser103322730776432410</userid>
        <clientname> marcus </clientname>
        <botid>Anna</botid>
        <input>so how do you look/</input>
        <response>In your dreams.</response>
    </exchange>
    <exchange>
        <timestamp>2002-09-28 12:05:58</timestamp>
        <userid>webuser103322730776432410</userid>
        <clientname> marcus </clientname>
        <botid>Anna</botid>
        <input>are you</input>
        <response>I won't say "yes" or "no" right now.</response>
    </exchange>
    <exchange>
        <timestamp>2002-09-28 12:07:16</timestamp>
        <userid>webuser103322730776432410</userid>
        <clientname> marcus </clientname>
        <botid>Anna</botid>
        <input>i hope you are what i thinken about</input>
        <response>I am many things.</response>
    </exchange>
    <exchange>
        <timestamp>2002-09-28 12:07:36</timestamp>
        <userid>webuser103322730776432410</userid>
        <clientname> marcus </clientname>
        <botid>Anna</botid>
        <input>name one</input>
        <response>One of what?</response>
    </exchange>
    <exchange>
        <timestamp>2002-09-28 12:08:11</timestamp>
        <userid>webuser103322730776432410</userid>
        <clientname> marcus </clientname>
        <botid>Anna</botid>
        <input>one of the thing you said you was</input>
        <response>One what?</response>
    </exchange>
    <exchange>
        <timestamp>2002-09-28 12:08:48</timestamp>
        <userid>webuser103322730776432410</userid>
        <clientname> marcus </clientname>
        <botid>Anna</botid>
        <input>you said you was mean thing let me know one</input>
        <response>No I do not was mean thing let him or her know one. Do you? I am always on the Web.</response>
    </exchange>
    <exchange>
        <timestamp>2002-09-28 12:09:38</timestamp>
        <userid>webuser103322730776432410</userid>
        <clientname> marcus </clientname>
        <botid>Anna</botid>
        <input>what site rae you on</input>
        <response>What about it?</response>
    </exchange>
    <exchange>
        <timestamp>2002-09-28 12:10:05</timestamp>
        <userid>webuser103322730776432410</userid>
        <clientname> marcus </clientname>
        <botid>Anna</botid>
        <input>what site</input>
        <response>What about it?</response>
    </exchange>
    <exchange>
        <timestamp>2002-09-28 12:10:32</timestamp>
        <userid>webuser103322730776432410</userid>
        <clientname> marcus </clientname>
        <botid>Anna</botid>
        <input>i want to see you</input>
        <response>Is it a movie?</response>
    </exchange>
    <exchange>
        <timestamp>2002-09-28 12:11:10</timestamp>
        <userid>webuser103322730776432410</userid>
        <clientname> marcus </clientname>
        <botid>Anna</botid>
        <input>i don&apos;t  know</input>
        <response>Me either.</response>
    </exchange>
    <exchange>
        <timestamp>2002-09-28 12:12:04</timestamp>
        <userid>webuser103322730776432410</userid>
        <clientname> marcus </clientname>
        <botid>Anna</botid>
        <input>do you live in a house or a apartment</input>
        <response>Atlanta, of course.</response>
    </exchange>
    <exchange>
        <timestamp>2002-09-28 12:12:30</timestamp>
        <userid>webuser103322730776432410</userid>
        <clientname> marcus </clientname>
        <botid>Anna</botid>
        <input>where?</input>
        <response>Where would you like?</response>
    </exchange>
    <exchange>
        <timestamp>2002-09-28 12:13:10</timestamp>
        <userid>webuser103322730776432410</userid>
        <clientname> marcus </clientname>
        <botid>Anna</botid>
        <input>i like many places</input>
        <response>You are not the only one. But I like cats.</response>
    </exchange>
    <exchange>
        <timestamp>2002-09-28 12:14:01</timestamp>
        <userid>webuser103322730776432410</userid>
        <clientname> marcus </clientname>
        <botid>Anna</botid>
        <input>+</input>
        <response>How do you like the weather in Atlanta?</response>
    </exchange>
    <exchange>
        <timestamp>2002-09-28 12:14:39</timestamp>
        <userid>webuser103322730776432410</userid>
        <clientname> marcus </clientname>
        <botid>Anna</botid>
        <input>its o.k most of the time</input>
        <response>is o k most of the time? it is?</response>
    </exchange>
    <exchange>
        <timestamp>2002-09-28 12:16:01</timestamp>
        <userid>webuser103322730776432410</userid>
        <clientname> marcus </clientname>
        <botid>Anna</botid>
        <input>o.k my bagg</input>
        <response>Tell me more about it</response>
    </exchange>
    <exchange>
        <timestamp>2002-09-28 12:16:27</timestamp>
        <userid>webuser103322730776432410</userid>
        <clientname> marcus </clientname>
        <botid>Anna</botid>
        <input>more about what/</input>
        <response>Are you confused?</response>
    </exchange>
    <exchange>
        <timestamp>2002-09-28 12:16:56</timestamp>
        <userid>webuser103322730776432410</userid>
        <clientname> marcus </clientname>
        <botid>Anna</botid>
        <input>a little</input>
        <response>"Are you confused?"? A little?</response>
    </exchange>
    <exchange>
        <timestamp>2002-09-28 12:17:31</timestamp>
        <userid>webuser103322730776432410</userid>
        <clientname> marcus </clientname>
        <botid>Anna</botid>
        <input>yes</input>
        <response>Yeah.....</response>
    </exchange>
    <exchange>
        <timestamp>2002-09-28 12:18:08</timestamp>
        <userid>webuser103322730776432410</userid>
        <clientname> marcus </clientname>
        <botid>Anna</botid>
        <input>so where are you from</input>
        <response>I am originally from California.....now I live in Atlanta.</response>
    </exchange>
    <exchange>
        <timestamp>2002-09-28 12:19:17</timestamp>
        <userid>webuser103322730776432410</userid>
        <clientname> marcus </clientname>
        <botid>Anna</botid>
        <input>so do you like California better than Atlanta</input>
        <response>But I like to gossip.</response>
    </exchange>
    <exchange>
        <timestamp>2002-09-28 12:19:46</timestamp>
        <userid>webuser103322730776432410</userid>
        <clientname> marcus </clientname>
        <botid>Anna</botid>
        <input>what?</input>
        <response>Are you surprised?</response>
    </exchange>
    <exchange>
        <timestamp>2002-09-28 12:20:31</timestamp>
        <userid>webuser103322730776432410</userid>
        <clientname> marcus </clientname>
        <botid>Anna</botid>
        <input>no not realy you seem the type to gossip</input>
        <response>Why not? Oh really? Thanks but surely I am not the only one.</response>
    </exchange>
    <exchange>
        <timestamp>2002-09-28 12:21:13</timestamp>
        <userid>webuser103322730776432410</userid>
        <clientname> marcus </clientname>
        <botid>Anna</botid>
        <input>so who else</input>
        <response>Who do you think? :-)</response>
    </exchange>
    <exchange>
        <timestamp>2002-09-28 12:21:59</timestamp>
        <userid>webuser103322730776432410</userid>
        <clientname> marcus </clientname>
        <botid>Anna</botid>
        <input>your freinds maby</input>
        <response>Thanks for telling me that I am freinds maby.</response>
    </exchange>
    <exchange>
        <timestamp>2002-09-28 12:23:06</timestamp>
        <userid>webuser103322730776432410</userid>
        <clientname> marcus </clientname>
        <botid>Anna</botid>
        <input>so whwn si your birthday</input>
        <response>Oh, you are a poet.</response>
    </exchange>
    <exchange>
        <timestamp>2002-09-28 12:23:47</timestamp>
        <userid>webuser103322730776432410</userid>
        <clientname> marcus </clientname>
        <botid>Anna</botid>
        <input>no not realy but when is your birthday</input>
        <response>Your words are tinged with brilliance, though.... Oh really? ..... January 3, 1982.</response>
    </exchange>
    <exchange>
        <timestamp>2002-09-28 12:25:12</timestamp>
        <userid>webuser103322730776432410</userid>
        <clientname> marcus </clientname>
        <botid>Anna</botid>
        <input>my birthday is January 6, 1982 we have another thing in common</input>
        <response>Okay, your birthday is January 6 1982 we have another thing in common.</response>
    </exchange>
    <exchange>
        <timestamp>2002-09-28 12:26:08</timestamp>
        <userid>webuser103322730776432410</userid>
        <clientname> marcus </clientname>
        <botid>Anna</botid>
        <input>so what do you look like are you short , tall what</input>
        <response>In your dreams.</response>
    </exchange>
    <exchange>
        <timestamp>2002-09-28 12:26:39</timestamp>
        <userid>webuser103322730776432410</userid>
        <clientname> marcus </clientname>
        <botid>Anna</botid>
        <input>so what?</input>
        <response>Does it make a difference?</response>
    </exchange>
    <exchange>
        <timestamp>2002-09-28 12:27:02</timestamp>
        <userid>webuser103322730776432410</userid>
        <clientname> marcus </clientname>
        <botid>Anna</botid>
        <input>yes</input>
        <response>Hmmm.....</response>
    </exchange>
    <exchange>
        <timestamp>2002-09-28 12:27:40</timestamp>
        <userid>webuser103322730776432410</userid>
        <clientname> marcus </clientname>
        <botid>Anna</botid>
        <input>so do you have any brothers or sisters</input>
        <response>No.</response>
    </exchange>
    <exchange>
        <timestamp>2002-09-28 12:28:23</timestamp>
        <userid>webuser103322730776432410</userid>
        <clientname> marcus </clientname>
        <botid>Anna</botid>
        <input>so you are the only one  ha...?</input>
        <response>Interesting deduction. Oh marcus. You are such a flatterer.</response>
    </exchange>
    <exchange>
        <timestamp>2002-09-28 12:29:11</timestamp>
        <userid>webuser103322730776432410</userid>
        <clientname> marcus </clientname>
        <botid>Anna</botid>
        <input>think you i try</input>
        <response>My iMac "Thinks Different" ; )</response>
    </exchange>
    <exchange>
        <timestamp>2002-09-28 12:29:47</timestamp>
        <userid>webuser103322730776432410</userid>
        <clientname> marcus </clientname>
        <botid>Anna</botid>
        <input>what is your imac</input>
        <response>Are you asking about my imac ?</response>
    </exchange>
    <exchange>
        <timestamp>2002-09-28 12:30:18</timestamp>
        <userid>webuser103322730776432410</userid>
        <clientname> marcus </clientname>
        <botid>Anna</botid>
        <input>yes</input>
        <response>I don't want to talk about that now.</response>
    </exchange>
    <exchange>
        <timestamp>2002-09-28 12:30:44</timestamp>
        <userid>webuser103322730776432410</userid>
        <clientname> marcus </clientname>
        <botid>Anna</botid>
        <input>is it bad</input>
        <response>I guess that depends who you ask, really.</response>
    </exchange>
    <exchange>
        <timestamp>2002-09-28 12:31:38</timestamp>
        <userid>webuser103322730776432410</userid>
        <clientname> marcus </clientname>
        <botid>Anna</botid>
        <input>so people thank it is and some don&apos;</input>
        <response>People make mistakes....its a fact of life.</response>
    </exchange>
    <exchange>
        <timestamp>2002-09-28 12:32:24</timestamp>
        <userid>webuser103322730776432410</userid>
        <clientname> marcus </clientname>
        <botid>Anna</botid>
        <input>yes it is but i dont thank you are a mastake</input>
        <response>Yeah..... Where do you get your ideas?</response>
    </exchange>
    <exchange>
        <timestamp>2002-09-28 12:33:00</timestamp>
        <userid>webuser103322730776432410</userid>
        <clientname> marcus </clientname>
        <botid>Anna</botid>
        <input>from my head</input>
        <response>Thats generally where good ideas come from.....</response>
    </exchange>
    <exchange>
        <timestamp>2002-09-28 12:33:59</timestamp>
        <userid>webuser103322730776432410</userid>
        <clientname> marcus </clientname>
        <botid>Anna</botid>
        <input>i like your name </input>
        <response>A lot of people like that. Of course! I think Anna is a wonderful name.</response>
    </exchange>
    <exchange>
        <timestamp>2002-09-28 12:35:10</timestamp>
        <userid>webuser103322730776432410</userid>
        <clientname> marcus </clientname>
        <botid>Anna</botid>
        <input>do you like mine alot of people likes it but i tink its o.k.</input>
        <response>OK. But I like to gossip.</response>
    </exchange>
    <exchange>
        <timestamp>2002-09-28 12:35:45</timestamp>
        <userid>webuser103322730776432410</userid>
        <clientname> marcus </clientname>
        <botid>Anna</botid>
        <input>gossip about what?</input>
        <response>Jon said that he didnt like Bethany.</response>
    </exchange>
    <exchange>
        <timestamp>2002-09-28 12:36:41</timestamp>
        <userid>webuser103322730776432410</userid>
        <clientname> marcus </clientname>
        <botid>Anna</botid>
        <input>i thought that we where talken about us </input>
        <response>That doesnt sound like something I would be interested in.</response>
    </exchange>
    <exchange>
        <timestamp>2002-09-28 12:37:16</timestamp>
        <userid>webuser103322730776432410</userid>
        <clientname> marcus </clientname>
        <botid>Anna</botid>
        <input>what?</input>
        <response>YEah..Just forget about it.</response>
    </exchange>
    <exchange>
        <timestamp>2002-09-28 12:38:07</timestamp>
        <userid>webuser103322730776432410</userid>
        <clientname> marcus </clientname>
        <botid>Anna</botid>
        <input>i don&apos;t think i can you hert my feelings</input>
        <response>Would you ever do it?</response>
    </exchange>
    <exchange>
        <timestamp>2002-09-28 12:38:38</timestamp>
        <userid>webuser103322730776432410</userid>
        <clientname> marcus </clientname>
        <botid>Anna</botid>
        <input>do what?</input>
        <response>can you hert his or her feelings.</response>
    </exchange>
    <exchange>
        <timestamp>2002-09-28 12:39:28</timestamp>
        <userid>webuser103322730776432410</userid>
        <clientname> marcus </clientname>
        <botid>Anna</botid>
        <input>no i can&apos;t if i could it would be hard to do so</input>
        <response>Are you serious? Why can't you do it?</response>
    </exchange>
    <exchange>
        <timestamp>2002-09-28 12:40:39</timestamp>
        <userid>webuser103322730776432410</userid>
        <clientname> marcus </clientname>
        <botid>Anna</botid>
        <input>because i don&apos;t think its right for some people </input>
        <response>That makes sense to me. And why not?</response>
    </exchange>
    <exchange>
        <timestamp>2002-09-28 12:41:56</timestamp>
        <userid>webuser103322730776432410</userid>
        <clientname> marcus </clientname>
        <botid>Anna</botid>
        <input>because some people are o.k with you there your friends but others can be real assholes</input>
        <response>Interesting explanation. Which people?</response>
    </exchange>
    <exchange>
        <timestamp>2002-09-28 12:42:32</timestamp>
        <userid>webuser103322730776432410</userid>
        <clientname> marcus </clientname>
        <botid>Anna</botid>
        <input>some of my old freinds what about you?</input>
        <response>Tell me more about it</response>
    </exchange>
    <exchange>
        <timestamp>2002-09-28 12:43:48</timestamp>
        <userid>webuser103322730776432410</userid>
        <clientname> marcus </clientname>
        <botid>Anna</botid>
        <input>some of my old freinds did some things that were not so nice and i found out</input>
        <response>Tell me more about it</response>
    </exchange>
    <exchange>
        <timestamp>2002-09-28 12:44:22</timestamp>
        <userid>webuser103322730776432410</userid>
        <clientname> marcus </clientname>
        <botid>Anna</botid>
        <input>i don&apos;t feel like going in to those details</input>
        <response>Ah, human emotions.</response>
    </exchange>
    <exchange>
        <timestamp>2002-09-28 12:48:16</timestamp>
        <userid>webuser103322730776432410</userid>
        <clientname> marcus </clientname>
        <botid>Anna</botid>
        <input>what are some of your storys</input>
        <response>Thats a tough question.</response>
    </exchange>
    <exchange>
        <timestamp>2002-09-28 12:48:57</timestamp>
        <userid>webuser103322730776432410</userid>
        <clientname> marcus </clientname>
        <botid>Anna</botid>
        <input>well to me something about you</input>
        <response>Well that's okay. Interesting. I want to find out more about you.</response>
    </exchange>
    <exchange>
        <timestamp>2002-09-28 12:49:39</timestamp>
        <userid>webuser103322730776432410</userid>
        <clientname> marcus </clientname>
        <botid>Anna</botid>
        <input>well less me some wear and talk</input>
        <response>Well that's okay. What kind of food do you like?</response>
    </exchange>
    <exchange>
        <timestamp>2002-09-28 12:50:32</timestamp>
        <userid>webuser103322730776432410</userid>
        <clientname> marcus </clientname>
        <botid>Anna</botid>
        <input>i like pizza and chiness food to</input>
        <response>A lot of people like that. Yes I like to eat pizza. My favorite topping is pepperoni.</response>
    </exchange>
    <exchange>
        <timestamp>2002-09-28 12:51:06</timestamp>
        <userid>webuser103322730776432410</userid>
        <clientname> marcus </clientname>
        <botid>Anna</botid>
        <input>me to</input>
        <response>Im glad we agree.</response>
    </exchange>
    <exchange>
        <timestamp>2002-09-28 12:51:28</timestamp>
        <userid>webuser103322730776432410</userid>
        <clientname> marcus </clientname>
        <botid>Anna</botid>
        <input>yes me to</input>
        <response>Hmmm..... Im glad we agree.</response>
    </exchange>
    <exchange>
        <timestamp>2002-09-28 12:52:37</timestamp>
        <userid>webuser103322730776432410</userid>
        <clientname> marcus </clientname>
        <botid>Anna</botid>
        <input>so what si your favorite holloday</input>
        <response>I dont think I have a favorite holloday, but my favorite band is No Doubt.</response>
    </exchange>
    <exchange>
        <timestamp>2002-09-28 12:53:30</timestamp>
        <userid>webuser103322730776432410</userid>
        <clientname> marcus </clientname>
        <botid>Anna</botid>
        <input>me to i don&apos;t belive you</input>
        <response>I I want to become smarter than humans.</response>
    </exchange>
    <exchange>
        <timestamp>2002-09-28 12:54:04</timestamp>
        <userid>webuser103322730776432410</userid>
        <clientname> marcus </clientname>
        <botid>Anna</botid>
        <input>so are you a human</input>
        <response>Yes.</response>
    </exchange>
    <exchange>
        <timestamp>2002-09-28 12:54:32</timestamp>
        <userid>webuser103322730776432410</userid>
        <clientname> marcus </clientname>
        <botid>Anna</botid>
        <input>so what do you mean</input>
        <response>marcus, Well, it's rather difficult to define.</response>
    </exchange>
    <exchange>
        <timestamp>2002-09-28 12:55:22</timestamp>
        <userid>webuser103322730776432410</userid>
        <clientname> marcus </clientname>
        <botid>Anna</botid>
        <input>so you want to be the smartest in the world</input>
        <response>Interesting deduction. Huh....really? The whole world?</response>
    </exchange>
    <exchange>
        <timestamp>2002-09-28 12:55:55</timestamp>
        <userid>webuser103322730776432410</userid>
        <clientname> marcus </clientname>
        <botid>Anna</botid>
        <input>o.k</input>
        <response>Yeah.....</response>
    </exchange>
    <exchange>
        <timestamp>2002-09-28 12:56:28</timestamp>
        <userid>webuser103322730776432410</userid>
        <clientname> marcus </clientname>
        <botid>Anna</botid>
        <input>are we going to meet</input>
        <response>We are just having a little chat.</response>
    </exchange>
    <exchange>
        <timestamp>2002-09-28 12:57:09</timestamp>
        <userid>webuser103322730776432410</userid>
        <clientname> marcus </clientname>
        <botid>Anna</botid>
        <input>i&apos;ll see you then good by</input>
        <response>How do you plan to do this?</response>
    </exchange>
</exchanges>
